start_station_name,cluster,lat,lng,total_count
2112 W Peterson Ave,2,41.99117793994736,-87.6835932370614,798
63rd St Beach,2,41.780911491755376,-87.57632337961589,1262
900 W Harrison St,1,41.8747539878559,-87.64980713364243,8376
Aberdeen St & Carroll Ave,2,41.88819021386543,-87.65459161029439,7171
Aberdeen St & Jackson Blvd,2,41.87772747236323,-87.65478887789314,13889
Aberdeen St & Monroe St,2,41.880320688080694,-87.65523739046493,7956
Aberdeen St & Randolph St,2,41.884114726281084,-87.65426506547156,10738
Ada St & Washington Blvd,2,41.882829212773146,-87.66120659872365,7031
Addison Red Line,0,41.94719547735534,-87.65400264132815,515
Addison/Racine Corral,0,41.94707362477805,-87.65935083934716,1230
Addison/Sheffield SW Corral,0,41.94695367805774,-87.65440874198819,762
Addison/Wilton Corral,0,41.947385702288365,-87.65317553565598,593
Adler Planetarium,2,41.86609584247681,-87.60726862521021,13605
Albany Ave & Belmont Ave,0,41.9396410914429,-87.70526372371587,718
Albany Ave & Bloomingdale Ave,2,41.91402476598265,-87.70512698914558,4300
Albany Ave & Montrose Ave,2,41.961040752868016,-87.70586549031168,2124
Archer & Wentworth,0,41.85468712290601,-87.63085315440401,500
Archer Ave & Wentworth Ave,0,41.854687427102725,-87.6308528373172,1655
Artesian Ave & Hubbard St,1,41.88949987719427,-87.68825580712279,5302
Ashland Ave & 13th St,2,41.86523421884875,-87.66650682256308,3028
Ashland Ave & Archer Ave,0,41.839208440623686,-87.66560978983172,933
Ashland Ave & Augusta Blvd,2,41.899621693663185,-87.66841125297744,6324
Ashland Ave & Belle Plaine Ave,2,41.9557774067899,-87.66917683757906,2694
Ashland Ave & Blackhawk St,2,41.90706590288931,-87.66725159276243,7414
Ashland Ave & Chicago Ave,2,41.89595459271687,-87.6677307094312,6743
Ashland Ave & Division St,2,41.90315444663465,-87.6692036835475,10234
Ashland Ave & Grace St,2,41.950791232101224,-87.66873391853879,4742
Ashland Ave & Grand Ave,2,41.89107203883145,-87.66661574474925,4610
Ashland Ave & Lake St,0,41.88592046839131,-87.66717045941166,5111
Ashland Ave & Wellington Ave,2,41.93608302809316,-87.66980825485062,5797
Ashland Ave & Wrightwood Ave,2,41.92882973391977,-87.66850817757027,5422
Avers Ave & Belmont Ave,0,41.93940775190824,-87.72357430698177,2652
Avondale Ave & Irving Park Rd,1,41.9533936588139,-87.73200108735864,2805
Benson Ave & Church St,2,42.04821475640891,-87.68348494719478,6281
Bernard St & Elston Ave,2,41.94992281108213,-87.71394961541479,974
Bissell St & Armitage Ave,2,41.9182955629354,-87.65218332409859,1328
Bissell St & Armitage Ave*,2,41.91829976977028,-87.65218381078769,9780
Blackstone Ave & 53rd St,2,41.79961946734157,-87.5901285021809,890
Blackstone Ave & 59th St,2,41.787878101909094,-87.59046394103693,8694
Blackstone Ave & Hyde Park Blvd,2,41.80256273015145,-87.59036571613757,4107
Blue Island Ave & 18th St,0,41.857553345313356,-87.66153645824404,4905
Bosworth Ave & Howard St,2,42.01953776158436,-87.66956185013169,729
Broadway & Argyle St,2,41.97423131746025,-87.65977805530795,6277
Broadway & Barry Ave,2,41.93758489713266,-87.6440973128121,17477
Broadway & Belmont Ave,2,41.94010522174561,-87.6454527739898,12852
Broadway & Berwyn Ave,2,41.97836174750631,-87.6597878339302,7134
Broadway & Cornelia Ave,2,41.94552840081077,-87.64643946773724,19259
Broadway & Cuyler Ave,2,41.95541877157179,-87.65149971150598,1170
Broadway & Granville Ave,2,41.9947795962742,-87.66028499402587,6860
Broadway & Oakdale Ave,2,41.935580503932236,-87.64405067583995,5411
Broadway & Ridge Ave,2,41.984041878574764,-87.66027727072697,4862
Broadway & Roscoe Ave,2,41.943599763458096,-87.64532108510042,2410
Broadway & Sheridan Rd,0,41.95283268077001,-87.64999422435214,13402
Broadway & Sunnyside Ave,2,41.96341902977066,-87.65607075825712,3888
Broadway & Thorndale Ave,2,41.98974279839161,-87.66014068711502,6512
Broadway & Waveland Ave,0,41.94907444167851,-87.64863311753777,18517
Broadway & Wilson Ave,0,41.96522053250009,-87.65814442337324,9147
Buckingham Fountain,2,41.87072479895053,-87.62339136936582,9723
Budlong Woods Library,2,41.98366517995741,-87.69642279676066,689
Burling St & Armitage Ave,0,41.918076516156795,-87.64727891316956,861
Burling St & Diversey Pkwy,2,41.93313904672381,-87.64775980835115,10605
Burnham Harbor,2,41.85741291987519,-87.6137921258555,9143
California Ave & 21st St,2,41.853795939677404,-87.6958234495065,814
California Ave & Altgeld St,0,41.926688951929926,-87.69767199826735,3011
California Ave & Byron St,2,41.95216202534047,-87.6980512287402,2371
California Ave & Cortez St,0,41.90036335829616,-87.6967059493866,5031
California Ave & Division St,2,41.90302910217327,-87.69747531493965,3480
California Ave & Fletcher St,0,41.938429140431474,-87.69800850402565,2884
California Ave & Francis Pl,2,41.91849476448703,-87.69742592442758,4321
California Ave & Granville Ave,2,41.994175298459,-87.69954815026121,1183
California Ave & Lake St,1,41.88445394891974,-87.69629913043096,775
California Ave & Milwaukee Ave,0,41.92269419915788,-87.6971521132977,10356
California Ave & Montrose Ave,2,41.961068682817555,-87.6954395904305,3159
California Ave & North Ave,2,41.910042870968056,-87.69716611869121,3569
Calumet Ave & 18th St,2,41.85762017972308,-87.61941178313059,8563
Calumet Ave & 21st St,2,41.854179880049564,-87.61915409602963,4809
Calumet Ave & 33rd St,2,41.834744811612445,-87.6179637645855,3117
Calumet Ave & 35th St,2,41.83137913452848,-87.61803421956441,1141
Calumet Ave & 51st St,0,41.80229372949635,-87.61805385515929,570
Campbell Ave & Augusta Blvd,2,41.89957404446777,-87.68949599269139,2777
Campbell Ave & Fullerton Ave,0,41.92463298564294,-87.68930782157348,2180
Campbell Ave & Irving Park Rd,2,41.953632970233386,-87.69078278567099,617
Campbell Ave & Montrose Ave,2,41.961525343851086,-87.69117748682588,3331
Campbell Ave & North Ave,2,41.91053502421426,-87.6895561774512,5512
Canal St & Adams St,1,41.879255010528645,-87.63990713776106,20339
Canal St & Harrison St,1,41.874254666614355,-87.63957318513346,2982
Canal St & Jackson Blvd,1,41.878124531038644,-87.63996837475437,12548
Canal St & Lake St,1,41.885969450661925,-87.63999443850972,2109
Canal St & Madison St,1,41.88240429194181,-87.63976361693555,29078
Canal St & Monroe St,1,41.88290609435049,-87.63974136369576,10163
Canal St & Taylor St,2,41.87025631564066,-87.63947414677801,4973
Cannon Dr & Fullerton Ave,2,41.92675558536581,-87.6344294762607,4486
Carpenter St & Fulton St,1,41.88667952541149,-87.65315090388519,2465
Carpenter St & Huron St,2,41.89455585116803,-87.65344858319412,8433
Central Park Ave & Bloomingdale Ave,2,41.914165493207044,-87.71675645858096,2415
Central Park Ave & Elbridge Ave,0,41.93533765625092,-87.71688833958656,3212
Central Park Ave & North Ave,2,41.90965712395695,-87.71663324792003,1133
Central Park Ave & Ogden Ave,0,41.85406183626329,-87.71511739347922,660
Central St & Girard Ave,2,42.064312895812435,-87.68615191618557,997
Central St Metra,2,42.06360535647646,-87.69872877826975,1253
Cherry Ave & Blackhawk St,1,41.90722108418862,-87.65561889286623,1951
Chicago Ave & Sheridan Rd,2,42.05049090975958,-87.67782119053412,5611
Chicago Ave & Washington St,2,42.032567066072154,-87.67910361244519,2855
Christiana Ave & Lawrence Ave,0,41.9683548258517,-87.71183077422509,1937
Cityfront Plaza Dr & Pioneer Ct,2,41.89056724057825,-87.62207247286008,12901
Claremont Ave & Hirsch St,2,41.90777988725158,-87.68585661526511,2218
Clarendon Ave & Gordon Ter,2,41.95786558170317,-87.64950377387747,13240
Clarendon Ave & Junior Ter,2,41.961003588848634,-87.64959773808079,11513
Clarendon Ave & Leland Ave,2,41.967966590119076,-87.65000295243283,6811
Clark St & 9th St (AMLI),2,41.87081632755057,-87.63124104548672,4666
Clark St & Arlington Pl,2,41.92693829215246,-87.64148652885109,6487
Clark St & Armitage Ave,2,41.91830589370927,-87.6362833423514,24149
Clark St & Berwyn Ave,0,41.97802572300624,-87.66825081111185,11231
Clark St & Bryn Mawr Ave,0,41.983592851978386,-87.66915428922074,7448
Clark St & Chicago Ave,0,41.89674817169175,-87.63088230042953,11388
Clark St & Columbia Ave,2,42.004450436604074,-87.67240265172663,2325
Clark St & Drummond Pl,2,41.93124801389809,-87.64433449012259,14013
Clark St & Eddy St ,0,41.94628306005109,-87.65626648978979,3739
Clark St & Elm St,2,41.903000655315594,-87.63147447856358,27714
Clark St & Elmdale Ave,0,41.99086043369232,-87.66972162791495,2664
Clark St & Fletcher St,0,41.938942329758476,-87.6503197010233,1387
Clark St & Grace St,0,41.95078336200262,-87.65917324146925,9935
Clark St & Ida B Wells Dr,1,41.875934671221884,-87.63058612405487,8766
Clark St & Jarvis Ave,2,42.0159629916223,-87.6750047289446,1390
Clark St & Lake St,1,41.88602058857164,-87.63087785983286,18757
Clark St & Leland Ave,0,41.967088703308924,-87.66729718464339,8131
Clark St & Lincoln Ave,2,41.915692076055976,-87.63460076849044,23350
Clark St & Lunt Ave,2,42.0090121831026,-87.67411517514941,3687
Clark St & Montrose Ave,0,41.96158731402965,-87.66604254392355,7285
Clark St & Newport St,0,41.94453930508662,-87.65467992149964,14927
Clark St & North Ave,2,41.91197305986849,-87.63194420261279,10136
Clark St & Schiller St,2,41.907994308200294,-87.63150273761309,14996
Clark St & Schreiber Ave,0,41.99924474547724,-87.67125261345858,3053
Clark St & Touhy Ave,2,42.012561033592796,-87.67436509736865,853
Clark St & Washington St,1,41.88301092619623,-87.63099584933069,1009
Clark St & Wellington Ave,2,41.93649678917618,-87.64754021198131,12395
Clark St & Winnemac Ave,0,41.973347495661486,-87.66785463956137,13463
Clark St & Wrightwood Ave,2,41.92954673893175,-87.64312016193597,16791
Clark/Eddy,0,41.94659541196498,-87.6560967840428,771
Clark/Newport Corral,0,41.9449424282646,-87.65461158764425,1130
Clark/Racine Corral,0,41.95044323811487,-87.65931705547882,827
Clifton Ave & Armitage Ave,2,41.9182159656599,-87.65693871133281,9604
Clinton St & 18th St,2,41.85794872479673,-87.64082611532585,3296
Clinton St & Jackson Blvd,1,41.87831814649672,-87.64098544303076,23649
Clinton St & Lake St,1,41.885631180405525,-87.64182440193221,18471
Clinton St & Madison St,1,41.88253503902507,-87.64118582401538,27045
Clinton St & Polk St,0,41.87146588667713,-87.6409491970492,1122
Clinton St & Roosevelt Rd,2,41.86711808388244,-87.6410876003761,5299
Clinton St & Tilden St,1,41.87588464797104,-87.64079337621867,6526
Clinton St & Washington Blvd,1,41.88330726072841,-87.64118327763984,26411
Clinton St & Washington Blvd 2,1,41.88337810615669,-87.6411772578775,5412
Clybourn Ave & Division St,2,41.90461265882106,-87.64055276305817,5622
Columbus Dr & Randolph St,2,41.88471695458705,-87.61951898333724,21356
Conservatory Dr & Lake St,0,41.88549857779568,-87.71686638689587,509
Cornell Ave & Hyde Park Blvd,2,41.80240609487823,-87.58692384070626,6315
Cottage Grove Ave & 43rd St,2,41.816499048440704,-87.60658231479968,624
Cottage Grove Ave & 51st St,2,41.8030377763839,-87.60661517586676,758
Cottage Grove Ave & 63rd St,1,41.780531905755694,-87.60597172524359,967
Cottage Grove Ave & 67th St,2,41.77372094380934,-87.60563496631013,503
Cottage Grove Ave & Oakwood Blvd,2,41.822984480572615,-87.60709989899067,964
Daley Center Plaza,1,41.88424071742659,-87.62963314921357,20802
Damen Ave & Charleston St,2,41.92008115665836,-87.67785850590501,5538
Damen Ave & Chicago Ave,0,41.89568564742467,-87.67713492030322,10560
Damen Ave & Clybourn Ave,2,41.931981116353775,-87.67798846259802,3963
Damen Ave & Cortland St,0,41.915983463609315,-87.67733417231779,10287
Damen Ave & Cullerton St,2,41.85496684834383,-87.6756982681552,2623
Damen Ave & Division St,0,41.903265590651095,-87.67843708453886,8518
Damen Ave & Evergreen Ave,2,41.90605068434129,-87.67758064154495,712
Damen Ave & Foster Ave,2,41.97580302520025,-87.67950884486045,5389
Damen Ave & Grand Ave,2,41.89239693073078,-87.67688646038557,3526
Damen Ave & Lake St,1,41.88496205722741,-87.67684000060127,4236
Damen Ave & Leland Ave,2,41.967082204454165,-87.6790762168909,6720
Damen Ave & Madison St,0,41.88137377312604,-87.6749288997036,2753
Damen Ave & Melrose Ave,2,41.94059912462404,-87.6785020864555,3910
Damen Ave & Ohio St,2,41.892396251400605,-87.6768859678246,1474
Damen Ave & Pierce Ave,0,41.9092378199114,-87.67763177545544,13194
Damen Ave & St Paul Ave,2,41.91301201956192,-87.67777847681192,1712
Damen Ave & Sunnyside Ave,2,41.96324985974424,-87.67926075003335,3988
Damen Ave & Thomas St (Augusta Blvd),2,41.90131613279571,-87.6774123067629,7201
Damen Ave & Wabansia Ave,2,41.91226249154288,-87.67725742746809,3008
Damen Ave & Wellington Ave,2,41.935880297408815,-87.67842108511034,4513
Damen Ave & Wicker Park Ave,2,41.908811753272026,-87.6771905912764,6024
Damen Ave/Coulter St,2,41.84919969679239,-87.67563957656229,578
Dayton St & North Ave,2,41.910579273092814,-87.64942271578629,11216
Dearborn Pkwy & Delaware Pl,2,41.89896815049988,-87.62991428339133,21213
Dearborn St & Adams St,1,41.879374931673944,-87.629763178165,8643
Dearborn St & Adams St 1,1,41.8793563587,-87.6297910363,1485
Dearborn St & Adams St 2,1,41.87962793698618,-87.62936963071675,1158
Dearborn St & Adams St Corral,1,41.87939311782874,-87.6298728513066,1197
Dearborn St & Division St,0,41.904299742225994,-87.62991261387145,5456
Dearborn St & Erie St,2,41.89391310305132,-87.62965623807905,19772
Dearborn St & Madison St,1,41.88205546369791,-87.62963989106944,2678
Dearborn St & Maple St,2,41.90191083766068,-87.63026063362547,5850
Dearborn St & Monroe St,1,41.88131062637219,-87.6295207724185,11220
Dearborn St & Van Buren St,2,41.87626871940663,-87.62915656921062,6908
Dearborn St & Washington St,1,41.882985530747156,-87.62931448616992,1230
Delano Ct & Roosevelt Rd,0,41.867490671562784,-87.63219014778433,6581
Desplaines St & Jackson Blvd,2,41.878119468473635,-87.64395037937125,12212
Desplaines St & Kinzie St,2,41.88871102249986,-87.64444741001755,21690
Desplaines St & Randolph St,2,41.88369953070566,-87.64424169776375,7145
Dodge Ave & Church St,2,42.04830817108701,-87.69822666535268,862
Dodge Ave & Main St,2,42.0346356448293,-87.69918673567369,701
Dorchester Ave & 49th St,2,41.805772200875765,-87.59246382843261,1135
Dorchester Ave & 53rd St,2,41.79943039581874,-87.59226906061983,1644
Dorchester Ave & 63rd St,2,41.780405776148264,-87.59141503133837,748
Drake Ave & Addison St,0,41.94732825893682,-87.71758242632214,1757
Drake Ave & Montrose Ave,2,41.96115390433748,-87.71657033440356,1292
Drexel Ave & 60th St,2,41.78586012366293,-87.60455389986481,4468
DuSable Lake Shore Dr & Belmont Ave,2,41.940773411956776,-87.63919029912458,16465
DuSable Lake Shore Dr & Diversey Pkwy,2,41.93258677395691,-87.63642757142331,18568
DuSable Lake Shore Dr & Monroe St,2,41.880959691112935,-87.6167436250471,39467
DuSable Lake Shore Dr & North Blvd,2,41.91172227508728,-87.62680403851154,33695
DuSable Lake Shore Dr & Wellington Ave,2,41.93669032211873,-87.63682855899161,15018
DuSable Museum,2,41.791567701030594,-87.60785213516813,659
Dusable Harbor,2,41.886975275017626,-87.61281346291112,20703
Eastlake Ter & Howard St,2,42.01920198625155,-87.66430320051273,1536
Eckhart Park,2,41.896375119301155,-87.66098488197645,6661
Eddy/Seminary Corral,0,41.946131548534666,-87.6566674312,1500
Elizabeth St & Fulton St,1,41.886755966707206,-87.65935065266817,6865
Elizabeth St & Randolph St,2,41.88433752340829,-87.65890413813202,9552
Ellis Ave & 53rd St,2,41.79933699785105,-87.60095961209986,6194
Ellis Ave & 55th St,2,41.794300682170814,-87.60144949727282,17010
Ellis Ave & 58th St,1,41.78874530769107,-87.60133329316655,7853
Ellis Ave & 60th St,2,41.78509861923507,-87.60107369058176,16103
Elmwood Ave & Austin St,2,42.02578391427107,-87.68410787510989,1092
Elston Ave & Cortland St,2,41.91643380465461,-87.666747329562,11242
Elston Ave & George St,2,41.93400289100272,-87.69082292561265,1469
Elston Ave & Henderson St,2,41.94150348832468,-87.70102923123495,847
Elston Ave & Wabansia Ave,0,41.912919238444246,-87.66416868920383,2762
Emerald Ave & 28th St,2,41.843579883532264,-87.64536899088213,1612
Emerald Ave & 31st St,2,41.838198206671265,-87.64514296857023,3404
Evanston Civic Center,2,42.05704352202333,-87.68655435544515,1586
Fairbanks Ct & Grand Ave,2,41.891846467916174,-87.62058117624403,15726
Fairbanks St & Superior St,1,41.895751583602916,-87.62010841437967,6374
Federal St & Polk St,2,41.872078268317786,-87.62954534609489,16313
Field Blvd & South Water St,2,41.886348454302826,-87.61751621511765,13183
Field Museum,0,41.86531196668723,-87.61787530252002,12111
Financial Pl & Ida B Wells Dr,2,41.875023496157,-87.63309488474823,8656
Fort Dearborn Dr & 31st St,2,41.83855467648222,-87.60822190471677,1603
Fort Dearborn Dr & 31st St*,2,41.83867445438679,-87.60882605316618,4062
Francisco Ave & Bloomingdale Ave,2,41.91396085172374,-87.69939600253932,1314
Francisco Ave & Chicago Ave,0,41.89574456922465,-87.69865230751775,1972
Francisco Ave & Foster Ave,2,41.97563293295751,-87.70141952607239,2381
Francisco Ave & Montrose Ave,2,41.96104769427877,-87.70090554077876,1130
Franklin St & Adams St ,1,41.87942848407508,-87.6355039895147,8928
Franklin St & Adams St Corral,1,41.8794092033397,-87.63557690687017,1887
Franklin St & Chicago Ave,2,41.89679444190109,-87.63564266924614,12972
Franklin St & Illinois St,2,41.89102372979677,-87.63547726998992,13443
Franklin St & Jackson Blvd,1,41.87771179001779,-87.63533239285356,15689
Franklin St & Lake St,1,41.8858386071797,-87.63550074521707,12912
Franklin St & Madison St,1,41.88138487249964,-87.63541613329437,1369
Franklin St & Monroe St,1,41.88031598049687,-87.63518535000179,16769
Franklin St & Washington St,1,41.88318,-87.63511,6027
Fulton Market,1,41.886868971868736,-87.64809004108359,6567
Glenwood Ave & Morse Ave,2,42.00797184748813,-87.66550066792716,4517
Glenwood Ave & Touhy Ave,2,42.01270305906016,-87.66605694054675,1679
Grace/Sheffield Corral,0,41.95116021696552,-87.65460993540172,580
Granville Ave & Clark St,2,41.994400196613064,-87.66982909537354,597
Green St & Chicago Ave,2,41.8941889167852,-87.65024781690273,3009
Green St & Lake St ,0,41.88558136634028,-87.64840937780862,5225
Green St & Madison St,2,41.881859791108575,-87.64926131844085,17198
Green St & Randolph St,0,41.88360118015395,-87.64862473636259,956
Green St & Randolph St*,0,41.88360148443991,-87.64862508012062,7423
Green St & Washington Blvd,0,41.88318210555226,-87.64872723142994,6590
Greenview Ave & Diversey Pkwy,2,41.93259399641529,-87.66586036308051,4718
Greenview Ave & Fullerton Ave,2,41.92533187621219,-87.66580148126927,7550
Greenview Ave & Jarvis Ave,0,42.015962375796626,-87.66857134241138,3019
Greenwood Ave & 47th St,2,41.809833849724754,-87.59938105116362,1693
Griffin Museum of Science and Industry,2,41.791729408542444,-87.58394569722768,5732
Halsted St & 18th St,2,41.85750755561014,-87.64599713048061,4226
Halsted St & 21st St,0,41.853780645114114,-87.64660305783293,2280
Halsted St & 35th St,0,41.83066142955573,-87.64717109950259,2521
Halsted St & 37th St,0,41.82705891863707,-87.64571959993613,642
Halsted St & Archer Ave,0,41.84720268831904,-87.64679617575909,2611
Halsted St & Armitage Ave,0,41.91822944340517,-87.64878940237338,3522
Halsted St & Belden St,0,41.92365062787371,-87.6489422724501,3009
Halsted St & Clybourn Ave,2,41.9096650586383,-87.6481287464174,16967
Halsted St & Court Pl,0,41.88370094155113,-87.64721766117235,528
Halsted St & Dickens Ave,2,41.919936546667145,-87.64883119197786,10341
Halsted St & Fulton St,0,41.88683857303648,-87.6479304722847,11240
Halsted St & Lake St,0,41.88579621843155,-87.64713390650535,1965
Halsted St & Maxwell St,2,41.86488199022891,-87.64707153683277,7722
Halsted St & Melrose St,0,41.94111997950119,-87.64907105736923,1402
Halsted St & North Branch St,1,41.89947552584164,-87.6487080673412,1404
Halsted St & Polk St,2,41.8718396096955,-87.64663980016704,9711
Halsted St & Roosevelt Rd,1,41.86732538311023,-87.64862555267948,5725
Halsted St & Roscoe St,0,41.94367049944237,-87.6489460501054,14099
Halsted St & Willow St,2,41.91386502194353,-87.64875706033195,8429
Halsted St & Wrightwood Ave,0,41.92914316021239,-87.64907969566849,13532
Hampden Ct & Diversey Ave,0,41.93254830230012,-87.64239597006787,1606
Hampden Ct & Diversey Pkwy,2,41.93246984058679,-87.64242601309921,6105
Harper Ave & 55th St,2,41.79529978478388,-87.5883305794813,2494
Harper Ave & 59th St,2,41.787941946518615,-87.58831430196423,2560
Hermitage Ave & Polk St,1,41.87151419129565,-87.66988691630748,5246
Honore St & Division St,2,41.90311879392027,-87.67393276161307,9386
Hoyne Ave & 47th St,0,41.808227086156585,-87.67717999522064,562
Hoyne Ave & Balmoral Ave,2,41.97985243160892,-87.68193217180631,2153
Hudson Ave & Armitage Ave,2,41.918175146594656,-87.64000007403838,3222
Humboldt Blvd & Armitage Ave,0,41.91751332601519,-87.70180955375297,4728
Indiana Ave & 26th St,2,41.84568737925868,-87.62248198081355,2478
Indiana Ave & 31st St,2,41.838841262388826,-87.62185702223647,1700
Indiana Ave & Roosevelt Rd,2,41.86788975884727,-87.62304124574118,20736
Jefferson St & Monroe St,2,41.88033045410587,-87.64274673185544,6823
Jeffery Blvd & 67th St,2,41.773517224214956,-87.57714885789906,535
Karlov Ave & Armitage Ave,1,41.91747945199761,-87.72895298429187,836
Karlov Ave & Lawrence Ave,0,41.96794638482525,-87.73040855893397,515
Kedzie Ave & 21st St,0,41.853533632458415,-87.70507298240247,647
Kedzie Ave & 48th Pl,0,41.80475805414942,-87.70421831510028,810
Kedzie Ave & Armitage Ave,0,41.91758896588951,-87.70685187504843,1611
Kedzie Ave & Bryn Mawr Ave,2,41.98223023972303,-87.70888709382648,904
Kedzie Ave & Chicago Ave,2,41.89546544458632,-87.70612868107379,698
Kedzie Ave & Foster Ave,2,41.97567231830129,-87.70926134894746,1009
Kedzie Ave & George St,2,41.933887115710014,-87.70726011765028,1607
Kedzie Ave & Lake St,0,41.88460969798848,-87.70630559361626,566
Kedzie Ave & Leland Ave,2,41.966686767984186,-87.70805300502396,1862
Kedzie Ave & Milwaukee Ave,0,41.92920607817709,-87.70801681030136,10164
Kedzie Ave & Palmer Ct,2,41.92152513447674,-87.70732294139343,4449
Kenneth Ave & Lawrence Ave,2,41.967925549838924,-87.73998352105201,596
Kenwood Ave & 57th St,2,41.791540105431274,-87.59294725754138,1426
Keystone Ave & Fullerton Ave,1,41.92458888955112,-87.72785135519648,1252
Keystone Ave & Montrose Ave,2,41.96110724142094,-87.72897095779553,1025
Kilbourn Ave & Belden Ave,2,41.92236750231495,-87.73902349452314,562
Kilbourn Ave & Irving Park Rd,2,41.95373356964444,-87.7405697135265,585
Kilbourn Ave & Milwaukee Ave,1,41.948094516355425,-87.74002313446745,520
Kildare Ave & Montrose Ave,0,41.96108003895867,-87.73569081352306,629
Kimball Ave & Belmont Ave,0,41.93939385344901,-87.71207038856961,3901
Kimbark Ave & 53rd St,2,41.79945687695859,-87.59477689895927,12790
Kingsbury St & Erie St,2,41.893906942457456,-87.64173705104989,20241
Kingsbury St & Kinzie St,2,41.889170465851954,-87.6384983656876,30671
Kingsbury St & Kinzie St 1,2,41.88907115462726,-87.63835386461338,5473
Kingsbury St & Kinzie St 2,2,41.889187361526325,-87.63839084208944,6570
Knox Ave & Montrose Ave,0,41.96063155680631,-87.74535993566812,919
Kosciuszko Park,2,41.930584651149765,-87.72377859500843,2077
Kostner Ave & Wrightwood Ave,1,41.92795729763955,-87.73595292215526,541
LaSalle Dr & Huron St,2,41.894873389430245,-87.63232639328398,10594
LaSalle St & Adams St,1,41.87935035366398,-87.63198073460508,4750
LaSalle St & Adams St Corral,1,41.87938666898957,-87.63207438271115,959
LaSalle St & Calhoun Pl ,1,41.88266300716715,-87.63252883856819,3087
LaSalle St & Calhoun Pl Corral,1,41.882878099623376,-87.63250888120878,1001
LaSalle St & Illinois St,0,41.89076466226765,-87.63169849481166,20314
LaSalle St & Jackson Blvd,1,41.87816404355849,-87.63192711324335,13454
LaSalle St & Jackson Blvd Corral,1,41.87815468128787,-87.63203508408496,1789
LaSalle St & Washington St,1,41.88296407343879,-87.63231018463476,5914
LaSalle St & Washington St Corral,1,41.88286990298947,-87.63250809922106,570
LaSalle St & Washington St Corral N,1,41.8828759142971,-87.63251470777826,690
Laflin St & Cullerton St,2,41.854911839483705,-87.6635653808187,2646
Lake Park Ave & 35th St,2,41.831274075954745,-87.60879928585283,2162
Lake Park Ave & 47th St,2,41.80944287333121,-87.59187489042053,1881
Lake Park Ave & 53rd St,2,41.79949444832963,-87.58644987857733,6541
Lake Park Ave & 56th St,2,41.791609945682396,-87.58747885678464,6250
Lakefront Trail & Bryn Mawr Ave,2,41.98404391239709,-87.65228235910794,11400
Lakefront Trail & Wilson Ave,2,41.96685577145422,-87.64309278953516,7153
Lakeview Ave & Fullerton Pkwy,2,41.9258675686891,-87.63897322627545,14706
Larrabee St & Armitage Ave,2,41.91808460103824,-87.64374887033188,7506
Larrabee St & Clybourn Ave,2,41.90660164930691,-87.64322070299605,1766
Larrabee St & Division St,2,41.903487484790055,-87.64335357481457,10607
Larrabee St & Kingsbury St,1,41.89776143977796,-87.64288820677609,14011
Larrabee St & Kingsbury St 1,1,41.89776250990604,-87.64288684331758,5885
Larrabee St & Kingsbury St 2,1,41.897577823333414,-87.64290021228227,3989
Larrabee St & Menomonee St,2,41.91468121196596,-87.64332107027289,5288
Larrabee St & North Ave,2,41.91019892747441,-87.64350575203659,5777
Larrabee St & Oak St,2,41.90029961157738,-87.64250632344172,6869
Larrabee St & Webster Ave,2,41.92182237673467,-87.64413726574934,15024
Leavitt St & Addison St,2,41.94665412599693,-87.68335879616315,2605
Leavitt St & Archer Ave,0,41.82879092939077,-87.68060610338472,981
Leavitt St & Armitage Ave,2,41.917804968961576,-87.68244087745268,5231
Leavitt St & Augusta Blvd,2,41.89962191027189,-87.6819399124634,1530
Leavitt St & Belmont Ave,2,41.93935309831645,-87.68328136434246,4345
Leavitt St & Chicago Ave,2,41.89549952296114,-87.68201503953102,5043
Leavitt St & Division St,2,41.90299789224036,-87.68382110092709,3872
Leavitt St & Hirsch St,2,41.90689915171455,-87.68232985733457,1079
Leavitt St & Lawrence Ave,2,41.96888649962745,-87.68400404901583,3664
Leavitt St & North Ave,2,41.91019894307997,-87.6823472403389,5627
Leavitt St/North Ave,2,41.91007699367015,-87.68230874934477,1340
Lincoln Ave & Addison St,2,41.94617611324804,-87.67330778422858,3701
Lincoln Ave & Balmoral Ave,0,41.97946104514643,-87.69301378162857,840
Lincoln Ave & Belle Plaine Ave,2,41.95600372401676,-87.68016330446646,4848
Lincoln Ave & Byron St,2,41.95237210877163,-87.67729462608875,4484
Lincoln Ave & Dickens Ave,2,41.920121224327914,-87.64160707141477,3262
Lincoln Ave & Diversey Pkwy,2,41.93222364783914,-87.65861997754807,10025
Lincoln Ave & Fullerton Ave,2,41.92416213264519,-87.64637891098067,15854
Lincoln Ave & Melrose St,2,41.94059959466077,-87.66943770174497,9777
Lincoln Ave & Montana St,0,41.926572720450295,-87.65060125983712,2505
Lincoln Ave & Peterson Ave,2,41.99026635899551,-87.70856996995359,668
Lincoln Ave & Roscoe St,2,41.94334992445875,-87.67066869199866,1486
Lincoln Ave & Roscoe St*,2,41.943350010053656,-87.6706695218901,7105
Lincoln Ave & Sunnyside Ave,0,41.96300404400102,-87.68478181225288,5900
Lincoln Ave & Waveland Ave,2,41.94879685117546,-87.67527794032928,4343
Lincoln Ave & Winona St,2,41.974911074198026,-87.69250685518287,2370
Lincoln Park Conservatory,2,41.92393701036984,-87.63582639617485,12439
Lock St & 31st St,2,41.83796212436231,-87.6590484751723,621
Logan Blvd & Elston Ave,2,41.92946457932552,-87.68415812285767,4138
Loomis St & Archer Ave,2,41.84163260501119,-87.65743504995977,852
Loomis St & Jackson Blvd,2,41.8779443293073,-87.66200682353448,4943
Loomis St & Lexington St,2,41.87222999741746,-87.66136276312703,12767
MLK Jr Dr & 29th St,2,41.84205160794793,-87.61699852748511,4801
MLK Jr Dr & 47th St,2,41.809850666198294,-87.61628046957607,585
MLK Jr Dr & Pershing Rd,2,41.82459774144789,-87.61678082898796,1161
Malcolm X College,1,41.87761804780039,-87.67389482166419,2019
Malden St & Wilson Ave,2,41.96526216541933,-87.66274465750067,1500
Manor Ave & Leland Ave,2,41.96587486101683,-87.70082458214445,1426
Maplewood Ave & Peterson Ave,2,41.99023594049252,-87.69336990732127,635
Marine Dr & Ainslie St,2,41.971600553407654,-87.65015488273689,6898
Marshfield Ave & Diversey Pkwy,2,41.93203857203454,-87.66970173060622,579
Marshfield Ave & Wabansia Ave,2,41.912174771288804,-87.66888288163065,509
May St & Cullerton St,2,41.85513802532599,-87.65412854913095,2543
May St & Hubbard St,1,41.89007960081957,-87.65597321836614,1696
May St & Taylor St,2,41.869392141320155,-87.65537274334794,8424
McClurg Ct & Erie St,1,41.894502579433855,-87.61785926590943,13606
McClurg Ct & Ohio St,2,41.89259669355092,-87.61729069794224,22124
McCormick Blvd & Devon Ave,2,41.997199756489216,-87.71105002993534,1067
McCormick Place,2,41.85137745242027,-87.6188353419243,6589
Michigan Ave & 11th St,2,41.86958981403702,-87.62396111026716,2620
Michigan Ave & 14th St,2,41.864060419699605,-87.62372673391569,10959
Michigan Ave & 18th St,2,41.857925519343375,-87.62433534339654,8264
Michigan Ave & 8th St,2,41.8727705424682,-87.62398027217779,17066
Michigan Ave & Ida B Wells Dr,2,41.87620471867685,-87.62446291917293,7362
Michigan Ave & Jackson Blvd,2,41.878471188611975,-87.62414683250094,11610
Michigan Ave & Lake St,2,41.88602184396959,-87.62440086104722,19534
Michigan Ave & Madison St,2,41.88212582320041,-87.62513472108328,7864
Michigan Ave & Oak St,2,41.900960864927306,-87.6237757184574,35217
Michigan Ave & Pearson St,2,41.89765684213883,-87.62350978097247,8344
Michigan Ave & Washington St,2,41.883984135207456,-87.6246833197019,21295
Midway Orange Line,0,41.786918560554334,-87.73892050864087,543
Mies van der Rohe Way & Chestnut St,2,41.898587309776325,-87.62191574907003,14360
Mies van der Rohe Way & Chicago Ave,2,41.89694687014963,-87.62175939743179,12141
Millennium Park,2,41.881033582980685,-87.62408466664697,27074
Milwaukee Ave & Ainslie St,0,41.96860944288252,-87.76107965124508,1779
Milwaukee Ave & Armitage Ave,0,41.917710020787425,-87.68864055186533,2131
Milwaukee Ave & Cuyler Ave,0,41.95446827327925,-87.74959408541699,530
Milwaukee Ave & Fullerton Ave,0,41.924690503175654,-87.70059025271219,3968
Milwaukee Ave & Grand Ave,0,41.89157778370861,-87.64838190428145,13289
Milwaukee Ave & Rockwell St,0,41.920330210190556,-87.69309016578751,3920
Milwaukee Ave & The 606,2,41.91375593875379,-87.6826662305304,9947
Milwaukee Ave & Wabansia Ave,2,41.91261667188266,-87.68146796659633,1142
Monticello Ave & Irving Park Rd,2,41.95400467930448,-87.7191278954681,2051
Monticello Ave & Lawrence Ave,2,41.96839900273097,-87.71876820592392,1083
Montrose Harbor,2,41.963981624781425,-87.63818109454738,17783
Morgan Ave & 14th Pl,2,41.86237926155869,-87.65106404555156,4498
Morgan St & 18th St,2,41.85808609335745,-87.65107451441143,4865
Morgan St & 31st St,2,41.837799705230495,-87.65114056467452,3306
Morgan St & Hubbard St,2,41.890158006085166,-87.65253200061167,1867
Morgan St & Lake St,1,41.88549170626906,-87.65228927135468,1544
Morgan St & Lake St*,0,41.88549837919499,-87.65228641886426,9402
Morgan St & Polk St,1,41.87174049902192,-87.65102978236764,10905
N Carpenter St & W Lake St,1,41.88558943939521,-87.65318136313485,2462
N Damen Ave & W Chicago Ave,2,41.89581018439636,-87.6784884241309,825
N Green St & W Lake St,1,41.88558042219268,-87.64848043212439,3280
N Paulina St & Lincoln Ave,0,41.94383722892943,-87.67147206633841,1247
N Shore Channel Trail & Argyle St,2,41.97218287460844,-87.70275972971902,624
N Southport Ave & W Newport Ave,0,41.944019197110265,-87.66397628294159,1832
Navy Pier,2,41.89227861789163,-87.61204395329338,42107
New St & Illinois St,2,41.89084412737609,-87.61861890134257,20985
Noble St & Milwaukee Ave,2,41.900699574952505,-87.66260739117142,7327
Noble St & Ohio St,2,41.892421661970815,-87.66206111464949,3243
Noble St & Potomac Ave,2,41.90545214245029,-87.66272536907886,875
Normal Ave & Archer Ave,2,41.84952690998161,-87.6405910174885,870
North Boundary Park,0,42.013027543209766,-87.7089099567794,553
Oakley Ave & Irving Park Rd,2,41.95433966994247,-87.68608012257677,2294
Oakley Ave & Lyndale St,2,41.92260976273353,-87.68512981796047,683
Oakley Ave & Touhy Ave,2,42.012341872730296,-87.68824335848862,571
Ogden Ave & Chicago Ave,2,41.896362028601,-87.6540622310716,10213
Ogden Ave & Congress Pkwy,2,41.87500937641206,-87.6732779065493,3002
Ogden Ave & Race Ave,2,41.89179398702787,-87.65875528037645,7034
Ogden Ave & Roosevelt Rd,2,41.866501461390094,-87.68469403638976,1619
Orleans St & Chestnut St (NEXT Apts),2,41.89820085928138,-87.63753628083784,7513
Orleans St & Elm St,2,41.90292331231516,-87.63771680499413,5613
Orleans St & Hubbard St,2,41.89002064824766,-87.6366209610839,9093
Orleans St & Merchandise Mart Plaza,1,41.88823451483775,-87.63640024976924,20159
Paulina Ave & North Ave,2,41.909881010082856,-87.66993778871841,6430
Paulina St & 18th St,2,41.85790131211049,-87.66874422210076,4317
Paulina St & Adams St,0,41.87862103667179,-87.66913185753457,911
Paulina St & Cortland St,2,41.91625965410838,-87.67019192916688,1624
Paulina St & Division St,2,41.90355300307322,-87.67042970163965,4639
Paulina St & Flournoy St,1,41.873061893120216,-87.66913222766105,7592
Paulina St & Howard St,0,42.019158690732056,-87.67357285570624,2131
Paulina St & Montrose Ave,2,41.96150731664841,-87.67138875360159,4656
Peoria St & Jackson Blvd,2,41.87764609410466,-87.64961515514031,13207
Peoria St & Kinzie St,1,41.888959663770756,-87.64972471975689,4179
Peterson/Ridge Metra,1,41.991802248486174,-87.67488778114136,3799
Pine Grove Ave & Irving Park Rd,2,41.95436820517981,-87.64793905636513,13653
Pine Grove Ave & Waveland Ave,2,41.949448340024425,-87.6464561790965,16456
Pine Grove Ave & Wellington Ave,2,41.93651175840943,-87.64122052236918,1590
Ping Tom Park (East),0,41.85800147898462,-87.63194840774425,520
Prairie Ave & 43rd St,2,41.81665860956895,-87.6194124705556,597
Prairie Ave & Garfield Blvd,2,41.79485251187975,-87.61869310771122,1264
Public Rack - Washtenaw Ave & Superior St,2,41.89474325094603,-87.69517030862733,593
Pulaski Rd & 51st St,0,41.80043339119708,-87.72475040162189,685
Pulaski Rd & Eddy St,2,41.94626538185063,-87.73102622342608,636
Racine Ave & 13th St,2,41.8650537143497,-87.65695942950302,1161
Racine Ave & 15th St,2,41.861265630455456,-87.6566198721704,3087
Racine Ave & 18th St,2,41.858399953488345,-87.65642516352423,5490
Racine Ave & 35th St,0,41.83068861646418,-87.6562104842606,780
Racine Ave & Belmont Ave,0,41.93974100780888,-87.65886579855706,10234
Racine Ave & Broadway,0,41.968235247846685,-87.65965297229974,2322
Racine Ave & Congress Pkwy,1,41.87463991523519,-87.65703062848618,5319
Racine Ave & Fullerton Ave,2,41.925568100365744,-87.65841710164405,9184
Racine Ave & Randolph St,2,41.884081393573815,-87.65692276470574,3933
Racine Ave & Washington Blvd,2,41.883072378019705,-87.6569570703544,4873
Racine Ave & Webster Ave,2,41.921602117078976,-87.65859011160953,1435
Racine Ave & Wrightwood Ave,2,41.928889987038616,-87.65897139741766,5775
Racine/Eddy Corral,0,41.946339411426855,-87.65910362126418,916
Ravenswood Ave & Berteau Ave,2,41.957921012466336,-87.67356733881932,4411
Ravenswood Ave & Irving Park Rd,2,41.95468796943491,-87.67392960523516,4801
Ravenswood Ave & Lawrence Ave,1,41.96844534854053,-87.67422626785142,17990
Rhodes Ave & 32nd St,2,41.83622144996407,-87.61352995109301,2978
Richmond St & Diversey Ave,0,41.931902337289245,-87.70119664030496,2742
Ridge Blvd & Howard St,2,42.019275370262484,-87.68452087108194,781
Ridge Blvd & Touhy Ave,2,42.01213211930449,-87.68291340803587,984
Ritchie Ct & Banks St,2,41.9068612083015,-87.62621573732984,11184
Riverside Plaza & Adams St,1,41.87926,-87.63879,1933
Rockwell Ave & Logan Blvd,2,41.928104927999996,-87.69268114416,725
Rockwell St & Archer Ave,2,41.82272023610379,-87.68982006598003,501
Rockwell St & Division St,2,41.9027504355782,-87.69201810320035,584
Rockwell St & Eastwood Ave,2,41.9658990591023,-87.69363934712932,3070
Rockwell St & Fletcher St,0,41.938803951497874,-87.69298511866347,1878
Rush St & Cedar St,2,41.90231064871943,-87.62769806859265,13776
Rush St & Hubbard St,2,41.890176484473514,-87.6261860662098,9533
Rush St & Illinois St,2,41.890870487406126,-87.62584208168533,2482
Rush St & Superior St,2,41.89576128719181,-87.62592801537689,13350
Sacramento Ave & Linden Pl,0,41.92575030404187,-87.70258129273591,621
Sacramento Ave & Lyndale St,2,41.922351227342716,-87.70241823648209,782
Sacramento Blvd & Addison St,2,41.94609019176016,-87.70298825007859,738
Sangamon St & Adams St,2,41.87909063324843,-87.6512830886723,2607
Sangamon St & Lake St,0,41.88578163684707,-87.65102772668476,9213
Sangamon St & Washington Blvd,2,41.88315700094542,-87.65110086282469,7769
Sawyer Ave & Irving Park Rd,2,41.95360122561019,-87.70930883426102,1452
Sedgwick St & Chicago Ave,2,41.89676947058846,-87.63860202792762,1202
Sedgwick St & Huron St,2,41.89466416457706,-87.63842470595333,13871
Sedgwick St & North Ave,2,41.91100148301488,-87.63853312950984,11961
Sedgwick St & Schiller St,2,41.90762779225034,-87.63856011108201,4414
Sedgwick St & Webster Ave,2,41.922168765316734,-87.63889020223917,11707
Seeley Ave & Roscoe St,2,41.94340289245597,-87.67961888681997,4849
Seminary Ave & Belden Ave,2,41.9233876394953,-87.65599158446283,1385
Shedd Aquarium,2,41.86722726622213,-87.61536352494528,20261
Sheffield Ave & Addison St ,0,41.9470151224024,-87.6544149550871,8427
Sheffield Ave & Armitage Ave Public Rack,0,41.917810129224684,-87.65344423741138,632
Sheffield Ave & Fletcher St,0,41.93900957692357,-87.65321373109981,1112
Sheffield Ave & Fullerton Ave,2,41.925616352228296,-87.65365868420272,16566
Sheffield Ave & Kingsbury St,2,41.910524581743665,-87.65310954031277,12282
Sheffield Ave & School St,0,41.94235953037624,-87.65426934850494,505
Sheffield Ave & Waveland Ave,0,41.949394607484166,-87.65452679456772,12506
Sheffield Ave & Webster Ave,2,41.921543005848555,-87.65381817084514,12321
Sheffield Ave & Wellington Ave,2,41.93625415915896,-87.65266185079913,12712
Sheffield Ave & Willow St,2,41.91368975557852,-87.65285476510782,8425
Sheffield Ave & Wrightwood Ave,0,41.928710804234576,-87.65383322398127,13339
Sheffield/Cornelia Corral,0,41.94529155592564,-87.65422068598482,659
Sheffield/Newport Corral,0,41.944609950246424,-87.65419958043196,1676
Sheridan Rd & Argyle St,2,41.97328665734237,-87.65475594642159,7399
Sheridan Rd & Berwyn Ave,2,41.97827913091157,-87.6552900252358,1357
Sheridan Rd & Buena Ave,2,41.95848767614689,-87.65500825064146,9572
Sheridan Rd & Columbia Ave,2,42.00458254363008,-87.66140880267169,3052
Sheridan Rd & Greenleaf Ave,2,42.01058692158587,-87.66241269447862,2206
Sheridan Rd & Irving Park Rd,0,41.954245173682786,-87.65440620229673,14104
Sheridan Rd & Lawrence Ave,2,41.969515777846034,-87.65469213793281,5001
Sheridan Rd & Loyola Ave,0,42.001045225873916,-87.66119957005745,3892
Sheridan Rd & Montrose Ave,2,41.96166230663352,-87.65463842631019,12058
Sheridan Rd & Noyes St (NU),2,42.058239054458966,-87.67743345889798,6519
Shields Ave & 28th Pl,2,41.84273451293755,-87.63549145533042,1601
Shields Ave & 31st St,2,41.838463900878196,-87.63540599031714,3169
Shore Dr & 55th St,2,41.7952119913649,-87.5807190793516,11129
Smith Park,2,41.892046988858745,-87.68939753376173,1876
South Shore Dr & 67th St,2,41.773643848880184,-87.5675104035219,868
South Shore Dr & 71st St,2,41.76640950440211,-87.56568870528473,1232
Southport Ave & Belmont Ave,2,41.93947643168687,-87.66374795744558,8903
Southport Ave & Clark St,2,41.95708203432758,-87.66419964057779,3758
Southport Ave & Clybourn Ave,2,41.92108088367321,-87.6648009394369,5603
Southport Ave & Diversey Pkwy,2,41.93266023021536,-87.6634704230226,664
Southport Ave & Grace St,0,41.95155187726153,-87.66404238668326,1105
Southport Ave & Irving Park Rd,2,41.954175910527425,-87.66435533510997,6959
Southport Ave & Roscoe St,2,41.94373850606938,-87.66401981176989,14572
Southport Ave & Waveland Ave,0,41.948224264327564,-87.66407062244436,16815
Southport Ave & Wellington Ave,0,41.935774017604956,-87.66359937000665,11053
Southport Ave & Wrightwood Ave,2,41.92876481328741,-87.663908071989,8427
Spaulding Ave & Armitage Ave,0,41.91710842474735,-87.71022284112549,4641
Spaulding Ave & Division St,2,41.90270677750684,-87.7092203909098,2018
Spaulding Ave & Milwaukee Ave,2,41.93088845207923,-87.7107222473907,732
St Clair St & Ohio St,2,41.892378576580064,-87.62264906486234,3160
St Louis Ave & Foster Ave,1,41.975984180113514,-87.71598369877657,555
St. Clair St & Erie St,2,41.89434856106995,-87.6228039301674,13322
St. Clair St & Erie St 1,1,41.89439917474111,-87.62285781860975,1827
St. Clair St & Erie St 2,1,41.89445,-87.62268,2893
St. Louis Ave & Balmoral Ave,1,41.98039241978292,-87.71611599188063,934
St. Louis Ave & Fullerton Ave,2,41.92481744187076,-87.71449541053494,2896
State St & 19th St,2,41.85659366930425,-87.62754235605573,2728
State St & 33rd St,0,41.83473377120238,-87.62581299746469,4022
State St & 35th St,0,41.83103675125904,-87.6267992502177,2344
State St & Chicago Ave,2,41.89661633595409,-87.62858191415572,26766
State St & Harrison St,2,41.874050815066376,-87.62771651732284,7428
State St & Kinzie St,1,41.88936680635282,-87.62708279353289,13407
State St & Pearson St,2,41.89744617707013,-87.62872495902566,7700
State St & Randolph St,2,41.88462209841088,-87.62784101196097,12599
State St & Van Buren St,2,41.87718103765491,-87.6278445385841,7682
Stave St & Armitage Ave,0,41.91774104005042,-87.69139419877884,3940
Stetson Ave & South Water St,2,41.886831835282344,-87.6223313153883,10533
Stockton Dr & Wrightwood Ave,2,41.93131986285696,-87.63874026226686,12148
Stony Island Ave & 63rd St,2,41.78050855336506,-87.58684232536365,704
Streeter Dr & Grand Ave,2,41.892278137088496,-87.61204328690162,23481
Streeter Dr/Grand Ave,2,41.892400584862585,-87.61238699007578,2758
Talman Ave & Addison St,0,41.946636055861866,-87.69461511429301,3191
The Salt Shed,0,41.906890275640365,-87.65978083193832,2383
Theater on the Lake,2,41.92627660731382,-87.63083510957182,27146
Throop St & Taylor St,2,41.86896230292298,-87.65913980781532,4765
Troy St & Elston Ave,0,41.94524325708608,-87.70665011512594,2140
Troy St & Grace St,2,41.95024402877105,-87.70648416339999,760
Troy St & North Ave,2,41.90977083936647,-87.70528313935189,1987
University Ave & 57th St,1,41.79147791762631,-87.59986232455897,20536
University Ave & 59th St,1,41.78787773461467,-87.59890793141429,6423
University Ave & 65th St,2,41.77693996586194,-87.59842002090672,536
University Library (NU),1,42.05293913760865,-87.67344476333774,2499
Valli Produce - Evanston Plaza,2,42.03974180723333,-87.69941300207437,780
W Armitage Ave & N Sheffield Ave,0,41.91780899728762,-87.65344450643437,3230
W Washington Blvd & N Peoria St,0,41.88305287537572,-87.64993818401886,1219
Wabansia & Milwaukee,2,41.913755876748446,-87.6826658470882,1451
Wabash Ave & 16th St,2,41.86038507428578,-87.6258128395061,7718
Wabash Ave & 9th St,2,41.87076747807838,-87.62573628030398,13014
Wabash Ave & Adams St,1,41.87947286770181,-87.6256912194598,8787
Wabash Ave & Cermak Rd,2,41.85261870674439,-87.62649052988199,3161
Wabash Ave & Grand Ave,2,41.89146435303961,-87.6267608980243,22268
Wabash Ave & Jackson Blvd,1,41.87800981959633,-87.6259941606104,1635
Wabash Ave & Roosevelt Rd,2,41.867225782430154,-87.62596122820841,17724
Wabash Ave & Wacker Pl,2,41.886872843148666,-87.62603035530213,9532
Wabash Ave & Washington St,1,41.8832008636756,-87.62661948972502,5262
Wacker Dr & Randolph St,1,41.88453321955443,-87.63731956374366,3234
Wacker Dr & Washington St,1,41.88314562473185,-87.6372433778823,9145
Wacker Dr & Washington St Corral,1,41.883164385388305,-87.63736195442819,2583
Wallace St & 35th St,2,41.83070596593555,-87.64125619906022,1177
Walsh Park,2,41.914607979479726,-87.66796835686516,5918
Warren Park East,2,42.00454964988253,-87.68066565649728,879
Warren Park West,2,42.00178505752642,-87.68882889854275,1041
Washtenaw Ave & Lawrence Ave,2,41.968731652327016,-87.69625921325427,2639
Washtenaw Ave & Ogden Ave,0,41.86193085717562,-87.69345298202396,503
Waveland/Racine Corral,0,41.9488249695476,-87.6592807798985,1271
Wells St & 19th St,2,41.85680199739733,-87.63387853933962,1802
Wells St & Concord Ln,0,41.91213088293721,-87.63465752120881,27345
Wells St & Elm St,2,41.90321892500638,-87.63433816681982,26809
Wells St & Evergreen Ave,0,41.90672388788553,-87.63484458454079,14686
Wells St & Hubbard St,2,41.88991010273214,-87.63427047614358,22320
Wells St & Huron St,2,41.89479076941173,-87.63438027827605,25653
Wells St & Institute Pl,2,41.89738122718079,-87.6344223879283,8043
Wells St & Madison St,1,41.88199005732088,-87.63417736978654,3426
Wells St & Polk St,2,41.87273396468307,-87.6335246081971,11407
Wells St & Randolph St,1,41.88429169894827,-87.63395965309613,11089
Wells St & Randolph St Corral,1,41.88436989348931,-87.63395966696412,1449
Wells St & Walton St,2,41.89993228451264,-87.63443028925236,13924
Wells St & Washington St,1,41.88300189761957,-87.6339542178384,3496
Wentworth Ave & 24th St,2,41.850083797012466,-87.63214108072273,1633
Wentworth Ave & 33rd St,0,41.834530010153706,-87.63182305483993,1804
Wentworth Ave & 35th St,0,41.83077738630116,-87.63250387418701,2155
Wentworth Ave & Cermak Rd*,0,41.8532136416992,-87.63187200095,6142
Western Ave & 21st St,0,41.854107818775596,-87.68583810467577,1172
Western Ave & 24th St,2,41.84846939053621,-87.68511038906098,787
Western Ave & Berteau Ave,2,41.95773926288163,-87.68827556231749,1515
Western Ave & Congress Pkwy,2,41.87474356258332,-87.68644290679896,1808
Western Ave & Division St,2,41.9028939063065,-87.6872795326528,4398
Western Ave & Fillmore St,2,41.86856450958288,-87.6862341800193,2021
Western Ave & Grace St,2,41.95036176819685,-87.68812040483208,1590
Western Ave & Granville Ave,2,41.99416124295593,-87.68943845461203,1397
Western Ave & Gunnison St,0,41.96966058656735,-87.68953419080137,735
Western Ave & Howard St,0,42.01890113401938,-87.69004810734205,1032
Western Ave & Leland Ave,0,41.96572202144836,-87.68851231347354,5083
Western Ave & Lunt Ave,2,42.00859434908827,-87.69049133869304,1364
Western Ave & Lyndale St,2,41.92260044725356,-87.68771873513454,773
Western Ave & Monroe St,2,41.88142725999208,-87.68663009654888,1136
Western Ave & Roscoe St,2,41.943034586645624,-87.68728833769609,2741
Western Ave & Wabansia Ave,2,41.91208085688465,-87.68752159445869,1101
Western Ave & Walton St,0,41.898418725616175,-87.6865955986294,5381
Western Ave & Winnebago Ave,0,41.91552086800565,-87.68702330820244,7261
Whipple/Irving Park,0,41.954188756202605,-87.70444765618812,691
Wilton Ave & Addison St,0,41.947459487487066,-87.65321431262774,5026
Wilton Ave & Belmont Ave,0,41.940228730353,-87.65294450625103,20820
Wilton Ave & Diversey Pkwy,2,41.932417885176385,-87.65270501003418,11322
Wilton Ave & Diversey Pkwy*,2,41.93241785004696,-87.6527050306049,4237
Winchester (Ravenswood) Ave & Balmoral Ave,2,41.97976237621396,-87.6775310044425,1991
Winchester Ave & Elston Ave,2,41.924089076838044,-87.67645915923367,2748
Winthrop Ave & Lawrence Ave,0,41.96881444198214,-87.65765903155153,5655
Wolcott (Ravenswood) Ave & Montrose Ave,0,41.96140729567491,-87.6761722430391,5497
Wolcott Ave & Fargo Ave,2,42.01697625634879,-87.67772476933952,539
Wolcott Ave & Polk St,1,41.87126304803221,-87.67368853077895,7668
Wood St & 35th St,2,41.83010538854387,-87.67030064885287,662
Wood St & Augusta Blvd,2,41.8991800730337,-87.67220054162244,6232
Wood St & Beach Ave,2,41.90765415106047,-87.6725520984706,4779
Wood St & Chicago Ave,2,41.89563392898817,-87.67207066902051,7017
Wood St & Cortland St,2,41.915886856808996,-87.67280828029418,911
Wood St & Hubbard St,2,41.88970953973115,-87.67196638512904,3898
Wood St & Milwaukee Ave,2,41.90730171350735,-87.67227765995948,7133
Wood St & Taylor St (Temp),1,41.86926731715577,-87.67373213146135,5548
Wood St & Walnut St,0,41.8853549185824,-87.6716985882125,537
Wood St & Webster Ave,2,41.92105581048032,-87.67279739999383,2721
Woodlawn Ave & 55th St,2,41.795264956362224,-87.59647159077115,8862
Woodlawn Ave & 58th St,1,41.789381331944384,-87.59647907214958,8475
Woodlawn Ave & Lake Park Ave,2,41.81409257632037,-87.59700524276884,1168
